checkpoint,K,M,logical_compute,unused_compute,verifier_calls,verifier_candidate_scores,notation,q,ratio,p_miss,ell,regret_mean,p_miss_times_ell,O_M,Q_empirical,delta_vs_psp,n_miss
10,1,20,254,2,2,21,20→1@10,0.15625,0.05,0.88315,0.6709427214247179,0.5925430644262396,0.5925430644262396,1.157033381826154,0.5644903173999144,-0.287122932969457,88315
10,2,14,248,8,2,16,14→2@10,0.15625,0.14285714285714285,0.69077,0.48634156119244903,0.33595016022490803,0.33595016022490803,1.087094572807234,0.7511444125823261,-0.1004688377870453,69077
10,3,9,252,4,2,12,9→3@10,0.15625,0.3333333333333333,0.47362,0.38555382340844724,0.18260600184270878,0.18260600184270878,0.9871176712234874,0.8045116693807786,-0.04710158098859285,47362
11,1,18,251,5,2,19,18→1@11,0.171875,0.05555555555555555,0.84704,0.6341152159256279,0.5371209524976439,0.5371209524976439,1.1373296244421893,0.6002086719445454,-0.251404578424826,84704
11,2,13,249,7,2,15,13→2@11,0.171875,0.15384615384615385,0.66593,0.4583013553825379,0.30519662158989347,0.30519662158989347,1.0714015655484908,0.7662049439585973,-0.08540830641077413,66593
11,3,8,247,9,2,11,8→3@11,0.171875,0.375,0.42434,0.37728417195205083,0.16009676552613325,0.16009676552613325,0.9576431964902141,0.7975464309640808,-0.05406681940529057,42434
12,1,17,256,0,2,18,17→1@12,0.1875,0.058823529411764705,0.82815,0.5835674113333373,0.48328135169570335,0.48328135169570335,1.1263040910332793,0.643022739337576,-0.20859051103179538,82815
12,2,12,248,8,2,14,12→2@12,0.1875,0.16666666666666666,0.63194,0.42542536945912734,0.2688433079760009,0.2688433079760009,1.0539855061268977,0.7851421981508968,-0.0664710522184746,63194
12,3,8,252,4,2,11,8→3@12,0.1875,0.375,0.40575,0.3647848730965504,0.1480114622589253,0.1480114622589253,0.9576431964902141,0.8096317342312889,-0.04198151613808254,40575
13,1,15,246,10,2,16,15→1@13,0.203125,0.06666666666666667,0.78613,0.5701504427670911,0.4482123675724934,0.4482123675724934,1.1013402406668893,0.6531278730943959,-0.1984853772749755,78613
13,2,11,245,11,2,13,11→2@13,0.203125,0.18181818181818182,0.59685,0.4234055770994226,0.25270961869179037,0.25270961869179037,1.0344853612548006,0.7817757425630103,-0.06983750780636111,59685
13,3,7,244,12,2,10,7→3@13,0.203125,0.42857142857142855,0.35939,0.35162659869878043,0.12637108330635471,0.1263710833063547,0.9226065065374334,0.7962354232310787,-0.05537782713829276,35939
14,1,14,246,10,2,15,14→1@14,0.21875,0.07142857142857142,0.77092,0.5682289826262586,0.43805908728623527,0.4380590872862353,1.087094572807234,0.6490354855209988,-0.20257776484837264,77092
14,2,11,254,2,2,13,11→2@14,0.21875,0.18181818181818182,0.58308,0.4155669806682536,0.2423087950880453,0.24230879508804531,1.0344853612548006,0.7921765661667554,-0.05943668420261605,58308
14,3,7,248,8,2,10,7→3@14,0.21875,0.42857142857142855,0.33971,0.3452541516182365,0.11728628784623113,0.11728628784623113,0.9226065065374334,0.8053202186912023,-0.046293031678169116,33971
15,1,13,244,12,2,14,13→1@15,0.234375,0.07692307692307693,0.76231,0.5497611476609071,0.41908842047338607,0.4190884204733861,1.0714015655484908,0.6523131450751047,-0.19930010529426667,76231
15,2,10,248,8,2,12,10→2@15,0.234375,0.2,0.55005,0.40767591005404885,0.22424213432522958,0.22424213432522958,1.0124176234370654,0.7881754891118359,-0.06343776125753553,55005
15,3,7,252,4,2,10,7→3@15,0.234375,0.42857142857142855,0.32381,0.3415048204238021,0.11058267590143135,0.11058267590143135,0.9226065065374334,0.812023830636002,-0.03958941973336938,32381
16,1,13,256,0,2,14,13→1@16,0.25,0.07692307692307693,0.7461,0.534665398108421,0.39891385352869285,0.39891385352869285,1.0714015655484908,0.6724877120197978,-0.17912553834957357,74610
16,2,10,256,0,2,12,10→2@16,0.25,0.2,0.52983,0.3964055108195993,0.2100275317975483,0.2100275317975483,1.0124176234370654,0.8023900916395171,-0.04922315872985428,52983
16,3,7,256,0,2,10,7→3@16,0.25,0.42857142857142855,0.29764,0.33732163085279826,0.10040041020702688,0.10040041020702688,0.9226065065374334,0.8222060963304065,-0.029407154038964878,29764
17,1,12,251,5,2,13,12→1@17,0.265625,0.08333333333333333,0.70826,0.5121713889993742,0.3627505079726968,0.36275050797269676,1.0539855061268977,0.6912349981542009,-0.16037825221517055,70826
17,2,9,247,9,2,11,9→2@17,0.265625,0.2222222222222222,0.47421,0.3856545152338675,0.18288122766905232,0.18288122766905232,0.9871176712234874,0.804236443554435,-0.04737680681493639,47421
17,3,6,243,13,2,9,6→3@17,0.265625,0.5,0.24574,0.33069072600305544,0.08126393900799085,0.08126393900799084,0.8798631142454642,0.7985991752374733,-0.05301407513189815,24574
18,1,11,244,12,2,12,11→1@18,0.28125,0.09090909090909091,0.66815,0.5019889352234597,0.33540390706955453,0.3354039070695546,1.0344853612548006,0.6990814541852461,-0.15253179618412527,66815
18,2,9,254,2,2,11,9→2@18,0.28125,0.2222222222222222,0.45345,0.366306933805679,0.16610187913418514,0.16610187913418517,0.9871176712234874,0.8210157920893022,-0.030597458280069212,45345
18,3,6,246,10,2,9,6→3@18,0.28125,0.5,0.23121,0.31066726271026707,0.07182937781124085,0.07182937781124085,0.8798631142454642,0.8080337364342233,-0.04357951393514814,23121
19,1,11,254,2,2,12,11→1@19,0.296875,0.09090909090909091,0.6581,0.48811836807772135,0.3212306980319484,0.3212306980319484,1.0344853612548006,0.7132546632228522,-0.13835858714651916,65810
19,2,8,242,14,2,10,8→2@19,0.296875,0.25,0.41635,0.3609634877320572,0.15028714811724203,0.15028714811724203,0.9576431964902141,0.807356048372972,-0.044257201996399376,41635
19,3,6,249,7,2,9,6→3@19,0.296875,0.5,0.22208,0.31188999088960295,0.06926452917676303,0.06926452917676303,0.8798631142454642,0.8105985850687011,-0.04101466530067033,22208
20,1,10,244,12,2,11,10→1@20,0.3125,0.1,0.64448,0.4840598742263161,0.3119669077413762,0.3119669077413762,1.0124176234370654,0.7004507156956892,-0.15116253467368224,64448
20,2,8,248,8,2,10,8→2@20,0.3125,0.25,0.40407,0.35119176477820757,0.14190605639393034,0.14190605639393034,0.9576431964902141,0.8157371400962838,-0.03587611027308757,40407
20,3,6,252,4,2,9,6→3@20,0.3125,0.5,0.20966,0.30104116205703335,0.06311629003687762,0.06311629003687762,0.8798631142454642,0.8167468242085866,-0.034866426160784836,20966
21,1,10,253,3,2,11,10→1@21,0.328125,0.1,0.63358,0.459776137412448,0.29130496514177884,0.29130496514177884,1.0124176234370654,0.7211126582952866,-0.13050059207408482,63358
21,2,8,254,2,2,10,8→2@21,0.328125,0.25,0.39068,0.33653495809420875,0.13147747742824548,0.13147747742824548,0.9576431964902141,0.8261657190619687,-0.025447531307402738,39068
21,3,6,255,1,2,9,6→3@21,0.328125,0.5,0.19918,0.28556371004513464,0.056878579766789915,0.056878579766789915,0.8798631142454642,0.8229845344786743,-0.028628715890697154,19918
22,1,9,240,16,2,10,9→1@22,0.34375,0.1111111111111111,0.59899,0.45472459891719685,0.27237548750541174,0.27237548750541174,0.9871176712234874,0.7147421837180756,-0.13687106665129578,59899
22,2,7,238,18,2,9,7→2@22,0.34375,0.2857142857142857,0.35405,0.32661906496213844,0.11563947994984512,0.11563947994984511,0.9226065065374334,0.8069670265875882,-0.04464622378178318,35405
22,3,5,236,20,2,8,5→3@22,0.34375,0.6,0.14441,0.2812776149655703,0.04061930037717801,0.04061930037717801,0.8258808895138802,0.7852615891367022,-0.06635166123266922,14441
23,1,9,248,8,2,10,9→1@23,0.359375,0.1111111111111111,0.58464,0.434753594348545,0.25417434139993333,0.2541743413999334,0.9871176712234874,0.732943329823554,-0.11866992054581738,58464
23,2,7,243,13,2,9,7→2@23,0.359375,0.2857142857142857,0.3457,0.31957802395893486,0.11047812288260378,0.11047812288260378,0.9226065065374334,0.8121283836548296,-0.039484866714541766,34570
23,3,5,238,18,2,8,5→3@23,0.359375,0.6,0.13669,0.2700266539679347,0.03690994333087699,0.03690994333087699,0.8258808895138802,0.7889709461830032,-0.06264230418636818,13669
24,1,9,256,0,2,10,9→1@24,0.375,0.1111111111111111,0.56926,0.41329312879863006,0.23527124649990816,0.23527124649990813,0.9871176712234874,0.7518464247235792,-0.0997668256457922,56926
24,2,7,248,8,2,9,7→2@24,0.375,0.2857142857142857,0.331,0.3031514209254066,0.10034312032630958,0.10034312032630958,0.9226065065374334,0.8222633862111238,-0.029349864158247585,33100
24,3,5,240,16,2,8,5→3@24,0.375,0.6,0.12732,0.2587308275608151,0.03294160896504298,0.03294160896504298,0.8258808895138802,0.7929392805488372,-0.05867396982053419,12732
25,1,8,239,17,2,9,8→1@25,0.390625,0.125,0.54532,0.3997691769783786,0.2180021275898494,0.21800212758984944,0.9576431964902141,0.7396410689003647,-0.11197218146900667,54532
25,2,7,253,3,2,9,7→2@25,0.390625,0.2857142857142857,0.31637,0.2960146003369012,0.09365013910858543,0.09365013910858543,0.9226065065374334,0.8289563674288479,-0.02265688294052348,31637
25,3,5,242,14,2,8,5→3@25,0.390625,0.6,0.11841,0.25172714813664687,0.029807011610860353,0.029807011610860357,0.8258808895138802,0.7960738779030199,-0.055539372466351544,11841
26,1,8,246,10,2,9,8→1@26,0.40625,0.125,0.53134,0.3879190543079969,0.20611691031601106,0.2061169103160111,0.9576431964902141,0.751526286174203,-0.10008696419516838,53134
26,2,6,232,24,2,8,6→2@26,0.40625,0.3333333333333333,0.27492,0.2895430722932729,0.0796011814348666,0.0796011814348666,0.8798631142454642,0.8002619328105975,-0.05135131755877387,27492
26,3,5,244,12,2,8,5→3@26,0.40625,0.6,0.11497,0.2512898933064263,0.028890799033439836,0.028890799033439832,0.8258808895138802,0.7969900904804403,-0.05462315988893107,11497
27,1,8,253,3,2,9,8→1@27,0.421875,0.125,0.51141,0.37286495888888627,0.19068686862536532,0.19068686862536532,0.9576431964902141,0.7669563278648488,-0.08465692250452261,51141
27,2,6,236,20,2,8,6→2@27,0.421875,0.3333333333333333,0.26009,0.2798536124478091,0.07278712606155066,0.07278712606155066,0.8798631142454642,0.8070759881839135,-0.04453726218545795,26009
27,3,5,246,10,2,8,5→3@27,0.421875,0.6,0.10645,0.24592873677217103,0.026179114029397606,0.026179114029397606,0.8258808895138802,0.7997017754844825,-0.0519114748848889,10645
28,1,7,232,24,2,8,7→1@28,0.4375,0.14285714285714285,0.48377,0.3543768341475797,0.17143688105557464,0.1714368810555746,0.9226065065374334,0.7511696254818587,-0.10044362488751268,48377
28,2,6,240,16,2,8,6→2@28,0.4375,0.3333333333333333,0.25067,0.271885362442229,0.06815350380339354,0.06815350380339354,0.8798631142454642,0.8117096104420706,-0.03990363992730084,25067
28,3,5,248,8,2,8,5→3@28,0.4375,0.6,0.1006,0.24354213425837767,0.024500338706392795,0.02450033870639279,0.8258808895138802,0.8013805508074874,-0.05023269956188403,10060
